original_path,current_path
diagnose_train.py,scripts/analysis/diagnose_train.py
docs/Imagenes_dataset/DensidadEspectralPotencia.png,docs/figures/dataset/DensidadEspectralPotencia.png
docs/Imagenes_dataset/NumeroCrisisPorPaciente.png,docs/figures/dataset/NumeroCrisisPorPaciente.png
docs/Imagenes_dataset/canalesDuranteCrisis.png,docs/figures/dataset/canalesDuranteCrisis.png
docs/Imagenes_dataset/crisisCHB01vsCHB02.png,docs/figures/dataset/crisisCHB01vsCHB02.png
docs/Imagenes_dataset/crisisVSnocrisis.png,docs/figures/dataset/crisisVSnocrisis.png
docs/Imagenes_dataset/espectogramaDuranteCrisis.png,docs/figures/dataset/espectogramaDuranteCrisis.png
docs/Imagenes_dataset/fig_4_3_nueva.png,docs/figures/dataset/fig_4_3_nueva.png
experiments/fig_coste_computacional.png,experiments/benchmark/fig_coste_computacional.png
experiments/inference_benchmark.json,experiments/benchmark/inference_benchmark.json
notebooks/XAI.ipynb,notebooks/legacy/XAI.ipynb
notebooks/XAI_eegnet.ipynb,notebooks/xai/XAI_eegnet.ipynb
notebooks/XAI_eegnet_CHBMIT.ipynb,notebooks/xai/XAI_eegnet_CHBMIT.ipynb
notebooks/XAI_hybrid.ipynb,notebooks/xai/XAI_hybrid.ipynb
notebooks/XAI_hybrid_CHBMIT.ipynb,notebooks/xai/XAI_hybrid_CHBMIT.ipynb
notebooks/bonn_exploration.ipynb,notebooks/exploration/bonn_exploration.ipynb
notebooks/chbmit_exploration.ipynb,notebooks/exploration/chbmit_exploration.ipynb
src/scripts/benchmark_inference.py,scripts/analysis/benchmark_inference.py
src/scripts/evaluador.py,scripts/legacy/evaluador.py
src/scripts/evaluador_dwt.py,scripts/legacy/evaluador_dwt.py
src/scripts/evaluate_clinical.py,scripts/evaluation/evaluate_clinical.py
src/scripts/predict.py,scripts/evaluation/predict.py
src/scripts/preprocess_dwt_nuevos.py,scripts/preprocessing/preprocess_dwt_nuevos.py
src/scripts/preprocessing_bonn.py,scripts/preprocessing/preprocessing_bonn.py
src/scripts/preprocessing_chbmit.py,scripts/preprocessing/preprocessing_chbmit.py
src/train_attention.py,scripts/training/train_attention.py
src/train_bonn.py,scripts/training/train_bonn.py
src/train_dwt.py,scripts/training/train_dwt.py
src/train_eegnet.py,scripts/training/train_eegnet.py
src/train_eegnet_8pat.py,scripts/training/train_eegnet_8pat.py
src/train_hibrido.py,scripts/training/train_hibrido.py
src/utils/graficar_modelos.py,scripts/analysis/graficar_modelos.py
src/utils/metadata_chbmit_etiquetado.csv,data/metadata/metadata_chbmit_etiquetado.csv
src/utils/metadata_chbmit_val.csv,data/metadata/metadata_chbmit_val.csv
src/utils/predict.py,scripts/legacy/predict.py
src/utils/predict_dwt.py,scripts/legacy/predict_dwt.py
src/utils/raw_to_dwt_chbmit.py,scripts/preprocessing/raw_to_dwt_chbmit.py
xai_analysis.py,scripts/analysis/xai_analysis.py
